Workbook

Sheet шаг 0,1
A1: 0 | G1: 0 | M1: Точное решение | N1: Приближенное значение y при h=0,1 | O1: Приближенное значение y при h=0,05 | R1: x | T1: k1 | U1: k2 | V1: k3 | W1: k4
A2: 1 | B2: 0 | C2: 0 | D2: =2*B2-C2 -> 0 | E2: =0.1*(2*B2-C2) -> 0 | G2: 1 | H2: 0 | I2: 0 | J2: =2*H2-I2 -> 0 | K2: =0.1*(2*H2-I2) -> 0 | M2: =2*('шаг 0,1'!N2 - 1 + EXP(1)^(-'шаг 0,1'!N2)) -> 0 | N2: 0 | O2: 0 | R2: 0 | S2: 0 | T2: =0.1*(2*R2-S2) -> 0 | U2: =0.1*(2*(R2+0.05)-(S2+T2/2)) -> 0.01 | V2: =0.1*(2*(R2+0.05)-(S2+U2/2)) -> 0.0095 | W2: =0.1*(2*(R2+0.1)-(S2+V2)) -> 0.01905
A3: 2 | B3: =B2+0.1 -> 0.1 | C3: =C2+0.1*(2*B2-C2) -> 0 | D3: =2*B3-C3 -> 0.2 | E3: =0.1*(2*B3-C3) -> 0.02 | G3: 2 | H3: =H2+0.1/2 -> 0.05 | I3: =I2+0.1/2*(2*H2-I2) -> 0 | J3: =2*H3-I3 -> 0.1 | K3: =0.1/2*(2*H3-I3) -> 0.005 | M3: =2*('шаг 0,1'!N3 - 1 + EXP(1)^(-'шаг 0,1'!N3)) -> 0 | N3: 0 | O3: 0 | R3: =R2+0.1 -> 0.1 | S3: =S2+(T2+2*(U2+V2)+W2)/6 -> 0.009675 | T3: =0.1*(2*R3-S3) -> 0.0190325 | U3: =0.1*(2*(R3+0.05)-(S3+T3/2)) -> 0.028080875 | V3: =0.1*(2*(R3+0.05)-(S3+U3/2)) -> 0.027628456 | W3: =0.1*(2*(R3+0.1)-(S3+V3)) -> 0.036269654
A4: 3 | B4: =B3+0.1 -> 0.2 | C4: =C3+0.1*(2*B3-C3) -> 0.02 | D4: =2*B4-C4 -> 0.38 | E4: =0.1*(2*B4-C4) -> 0.038 | G4: 3 | H4: =H3+0.1/2 -> 0.1 | I4: =I3+0.1/2*(2*H3-I3) -> 0.005 | J4: =2*H4-I4 -> 0.195 | K4: =0.1/2*(2*H4-I4) -> 0.00975 | M4: =2*('шаг 0,1'!N4 - 1 + EXP(1)^(-'шаг 0,1'!N4)) -> 0.00039734661 | N4: 0.02 | O4: 0.005 | R4: =R3+0.1 -> 0.2 | S4: =S3+(T3+2*(U3+V3)+W3)/6 -> 0.037461803 | T4: =0.1*(2*R4-S4) -> 0.03625382 | U4: =0.1*(2*(R4+0.05)-(S4+T4/2)) -> 0.044441129 | V4: =0.1*(2*(R4+0.05)-(S4+U4/2)) -> 0.044031763 | W4: =0.1*(2*(R4+0.1)-(S4+V4)) -> 0.051850643
A5: 4 | B5: =B4+0.1 -> 0.3 | C5: =C4+0.1*(2*B4-C4) -> 0.058 | D5: =2*B5-C5 -> 0.542 | E5: =0.1*(2*B5-C5) -> 0.0542 | G5: 4 | H5: =H4+0.1/2 -> 0.15 | I5: =I4+0.1/2*(2*H4-I4) -> 0.01475 | J5: =2*H5-I5 -> 0.28525 | K5: =0.1/2*(2*H5-I5) -> 0.0142625 | M5: =2*('шаг 0,1'!N5 - 1 + EXP(1)^(-'шаг 0,1'!N5)) -> 0.0032998949 | N5: 0.058 | O5: 0.01475 | R5: =R4+0.1 -> 0.3 | S5: =S4+(T4+2*(U4+V4)+W4)/6 -> 0.081636844 | T5: =0.1*(2*R5-S5) -> 0.051836316 | U5: =0.1*(2*(R5+0.05)-(S5+T5/2)) -> 0.0592445 | V5: =0.1*(2*(R5+0.05)-(S5+U5/2)) -> 0.058874091 | W5: =0.1*(2*(R5+0.1)-(S5+V5)) -> 0.065948907
A6: 5 | B6: =B5+0.1 -> 0.4 | C6: =C5+0.1*(2*B5-C5) -> 0.1122 | D6: =2*B6-C6 -> 0.6878 | E6: =0.1*(2*B6-C6) -> 0.06878 | G6: 5 | H6: =H5+0.1/2 -> 0.2 | I6: =I5+0.1/2*(2*H5-I5) -> 0.0290125 | J6: =2*H6-I6 -> 0.3709875 | K6: =0.1/2*(2*H6-I6) -> 0.018549375 | M6: =2*('шаг 0,1'!N6 - 1 + EXP(1)^(-'шаг 0,1'!N6)) -> 0.012130933 | N6: 0.1122 | O6: 0.0290125 | R6: =R5+0.1 -> 0.4 | S6: =S5+(T5+2*(U5+V5)+W5)/6 -> 0.14064058 | T6: =0.1*(2*R6-S6) -> 0.065935942 | U6: =0.1*(2*(R6+0.05)-(S6+T6/2)) -> 0.072639145 | V6: =0.1*(2*(R6+0.05)-(S6+U6/2)) -> 0.072303985 | W6: =0.1*(2*(R6+0.1)-(S6+V6)) -> 0.078705544
A7: 6 | B7: =B6+0.1 -> 0.5 | C7: =C6+0.1*(2*B6-C6) -> 0.18098 | D7: =2*B7-C7 -> 0.81902 | E7: =0.1*(2*B7-C7) -> 0.081902 | G7: 6 | H7: =H6+0.1/2 -> 0.25 | I7: =I6+0.1/2*(2*H6-I6) -> 0.047561875 | J7: =2*H7-I7 -> 0.45243812 | K7: =0.1/2*(2*H7-I7) -> 0.022621906 | M7: =2*('шаг 0,1'!N7 - 1 + EXP(1)^(-'шаг 0,1'!N7)) -> 0.030864095 | N7: 0.18098 | O7: 0.047561875 | R7: =R6+0.1 -> 0.5 | S7: =S6+(T6+2*(U6+V6)+W6)/6 -> 0.21306187 | T7: =0.1*(2*R7-S7) -> 0.078693813 | U7: =0.1*(2*(R7+0.05)-(S7+T7/2)) -> 0.084759122 | V7: =0.1*(2*(R7+0.05)-(S7+U7/2)) -> 0.084455857 | W7: =0.1*(2*(R7+0.1)-(S7+V7)) -> 0.090248227
A8: 7 | B8: =B7+0.1 -> 0.6 | C8: =C7+0.1*(2*B7-C7) -> 0.262882 | D8: =2*B8-C8 -> 0.937118 | E8: =0.1*(2*B8-C8) -> 0.0937118 | G8: 7 | H8: =H7+0.1/2 -> 0.3 | I8: =I7+0.1/2*(2*H7-I7) -> 0.070183781 | J8: =2*H8-I8 -> 0.52981622 | K8: =0.1/2*(2*H8-I8) -> 0.026490811 | M8: =2*('шаг 0,1'!N8 - 1 + EXP(1)^(-'шаг 0,1'!N8)) -> 0.063429228 | N8: 0.262882 | O8: 0.070183781 | R8: =R7+0.1 -> 0.6 | S8: =S7+(T7+2*(U7+V7)+W7)/6 -> 0.29762387 | T8: =0.1*(2*R8-S8) -> 0.090237613 | U8: =0.1*(2*(R8+0.05)-(S8+T8/2)) -> 0.095725732 | V8: =0.1*(2*(R8+0.05)-(S8+U8/2)) -> 0.095451327 | W8: =0.1*(2*(R8+0.1)-(S8+V8)) -> 0.10069248
A9: 8 | B9: =B8+0.1 -> 0.7 | C9: =C8+0.1*(2*B8-C8) -> 0.3565938 | D9: =2*B9-C9 -> 1.0434062 | E9: =0.1*(2*B9-C9) -> 0.10434062 | G9: 8 | H9: =H8+0.1/2 -> 0.35 | I9: =I8+0.1/2*(2*H8-I8) -> 0.096674592 | J9: =2*H9-I9 -> 0.60332541 | K9: =0.1/2*(2*H9-I9) -> 0.03016627 | M9: =2*('шаг 0,1'!N9 - 1 + EXP(1)^(-'шаг 0,1'!N9)) -> 0.11330121 | N9: 0.3565938 | O9: 0.096674592 | R9: =R8+0.1 -> 0.7 | S9: =S8+(T8+2*(U8+V8)+W8)/6 -> 0.39317124 | T9: =0.1*(2*R9-S9) -> 0.10068288 | U9: =0.1*(2*(R9+0.05)-(S9+T9/2)) -> 0.10564873 | V9: =0.1*(2*(R9+0.05)-(S9+U9/2)) -> 0.10540044 | W9: =0.1*(2*(R9+0.1)-(S9+V9)) -> 0.11014283
A10: 9 | B10: =B9+0.1 -> 0.8 | C10: =C9+0.1*(2*B9-C9) -> 0.46093442 | D10: =2*B10-C10 -> 1.1390656 | E10: =0.1*(2*B10-C10) -> 0.11390656 | G10: 9 | H10: =H9+0.1/2 -> 0.4 | I10: =I9+0.1/2*(2*H9-I9) -> 0.12684086 | J10: =2*H10-I10 -> 0.67315914 | K10: =0.1/2*(2*H10-I10) -> 0.033657957 | M10: =2*('шаг 0,1'!N10 - 1 + EXP(1)^(-'шаг 0,1'!N10)) -> 0.18325691 | N10: 0.46093442 | O10: 0.12684086 | R10: =R9+0.1 -> 0.8 | S10: =S9+(T9+2*(U9+V9)+W9)/6 -> 0.49865858 | T10: =0.1*(2*R10-S10) -> 0.11013414 | U10: =0.1*(2*(R10+0.05)-(S10+T10/2)) -> 0.11462743 | V10: =0.1*(2*(R10+0.05)-(S10+U10/2)) -> 0.11440277 | W10: =0.1*(2*(R10+0.1)-(S10+V10)) -> 0.11869387
A11: 10 | B11: =B10+0.1 -> 0.9 | C11: =C10+0.1*(2*B10-C10) -> 0.57484098 | G11: 10 | H11: =H10+0.1/2 -> 0.45 | I11: =I10+0.1/2*(2*H10-I10) -> 0.16049882 | M11: =2*('шаг 0,1'!N11 - 1 + EXP(1)^(-'шаг 0,1'!N11)) -> 0.27527067 | N11: 0.57484098 | O11: 0.16049882 | R11: =R10+0.1 -> 0.9 | S11: =S10+(T10+2*(U10+V10)+W10)/6 -> 0.61313998 | T11: =0.1*(2*R11-S11) -> 0.118686 | U11: =0.1*(2*(R11+0.05)-(S11+T11/2)) -> 0.1227517 | V11: =0.1*(2*(R11+0.05)-(S11+U11/2)) -> 0.12254842 | W11: =0.1*(2*(R11+0.1)-(S11+V11)) -> 0.12643116
Q13: h= | R13: 0.1
